epoch,time,train/box_loss,train/cls_loss,train/dfl_loss,metrics/precision(B),metrics/recall(B),metrics/mAP50(B),metrics/mAP50-95(B),val/box_loss,val/cls_loss,val/dfl_loss,lr/pg0,lr/pg1,lr/pg2,lr/pg3,lr/pg4,lr/pg5,lr/pg6,lr/pg7
1,172.856,1.58901,6.71435,1.51673,0.33307,0.2697,0.13944,0.07802,1.36134,5.69407,1.42037,0.00999023,0.00333008,0.00999023,0.00333008,0.00999023,0.00333008,0.00999023,0.00333008
2,292.256,1.45003,5.29684,1.46252,0.2545,0.39245,0.22285,0.12556,1.31257,5.13209,1.39163,0.0197923,0.00659744,0.0197923,0.00659744,0.0197923,0.00659744,0.0197923,0.00659744
3,399.6,1.42383,4.86825,1.45216,0.28716,0.32277,0.25203,0.14926,1.31309,5.06413,1.4104,0.0293964,0.00979881,0.0293964,0.00979881,0.0293964,0.00979881,0.0293964,0.00979881
