epoch,time,train/box_loss,train/cls_loss,train/dfl_loss,metrics/precision(B),metrics/recall(B),metrics/mAP50(B),metrics/mAP50-95(B),val/box_loss,val/cls_loss,val/dfl_loss,lr/pg0,lr/pg1,lr/pg2
1,198.243,1.31797,5.85989,1.30853,0.3041,0.35101,0.27195,0.16181,1.28766,6.26728,1.35919,0.000333008,0.000333008,0.000333008
2,387.079,1.33771,5.36018,1.35009,0.3922,0.39253,0.31486,0.18946,1.30628,6.11139,1.37985,0.000653148,0.000653148,0.000653148
3,573.928,1.30769,5.09769,1.33554,0.49181,0.36751,0.37586,0.24033,1.24664,5.87544,1.33976,0.000960087,0.000960087,0.000960087
4,759.557,1.25915,4.80236,1.31093,0.42472,0.38482,0.36865,0.24507,1.16771,5.57782,1.27448,0.0009406,0.0009406,0.0009406
